#Sno.,PCE,polarizability,delLA,delLD,N_atom,Eg,lamda_h,DIP,AL-DH,delHD,E_bind,DL-AL,delGE,E_T1
1,9.84,2609.936,0.033470005,0.009251871,130,530.36,0.344485262,6.210168907,3.40686553,0.218779544,1.727248407,0.149118395,1.635171153,1.6513
2,9.54,1272.633,0.033470005,0.063130416,68,457,0.357499652,6.512217741,3.667822722,0.327897202,2.06897251,0.484362671,1.055898826,1.8847
3,9.45,2583.469667,0.033470005,0.012245124,130,527.22,0.34670299,6.276385094,3.483601638,0.174152871,1.775410098,0.140410752,1.877727376,1.6548
5,9.01,1348.671333,0.033470005,0.06694001,68,452.77,0.36677683,6.529201455,3.695578335,0.344496147,2.041072734,0.467219498,1.18416243,1.9175
6,9,1548.767667,0.077824564,0.5025943,86,613.14,0.197043088,6.097001923,3.23842705,0.330890454,1.911889803,0.155377014,0.0002,1.1221
7,8.95,2042.786333,0.033470005,0.055239114,99,522.83,0.234268264,6.097448462,3.2982921,0.133880019,1.886983266,0.428851444,1.420276836,1.6998
8,8.91,2008.500333,0.033470005,0.066123668,99,520.42,0.242888831,6.104950641,3.302645921,0.139050183,1.89989119,0.437831201,1.959911452,1.7066
9,8.9,1350.655,0.033470005,0.054422772,68,459.31,0.357077603,6.398346798,3.563058885,0.369530622,2.001557001,0.521098042,1.590221557,1.885
10,8.85,2062.969,0.033470005,0.005714391,99,507.21,0.297586438,6.039254192,3.235161684,0.165445227,1.81728741,0.489260721,2.20108267,1.7187
11,8.54,1219.206333,0.033470005,0.054694886,64,503.34,0.342527947,6.182630985,3.354347555,0.397830464,1.967524674,0.465314701,1.081186094,1.709
12,8.5,1370.196333,0.033470005,0.057143911,74,459.7,0.345840661,6.410014768,3.583195311,0.369802736,2.007289311,0.51102983,0.508959016,1.8738
14,8.27,1219.206333,0.033470005,0.054694886,64,503.34,0.342527947,6.182630985,3.354347555,0.397830464,1.967524674,0.465314701,1.081186094,1.709
15,8.24,1237.82,0.033470005,0.056871797,64,511.6,0.369751034,6.158918983,3.330945763,0.39755835,1.958814802,0.43701486,0.494094465,1.6697
17,8.13,1753.540667,0.033470005,0.214153608,82,454.94,0.190216568,6.155953758,3.353803327,0.536880646,1.959452233,0.07755245,0.112600711,1.2851
18,8.04,1438.792,0.033470005,0.512118285,78,617.16,0.202893264,6.055816946,3.246590466,0.369258508,1.934009151,0.132791564,0,1.1207
19,8.02,1267.351,0.033470005,0.046259356,68,454.6,0.367622832,6.428867361,3.58455588,0.38558534,2.018271839,0.528989344,1.334010409,1.8951
20,8.02,1702.321333,0.033470005,0.026939272,90,461.73,0.269452586,6.295822187,3.484145866,0.240548652,1.931837497,0.570894879,0.001019804,1.847
21,8.02,1093.602333,0.033470005,0.165445227,60,510.41,0.30025125,6.490832585,3.632992148,0.376061355,2.057093996,0.184221083,0.002271563,1.4466
22,7.95,1895.354,0.033470005,0.271841746,102,601.72,0.419700254,5.996121424,3.199242654,0.266127355,1.942713936,0.267487925,0.071062648,1.0859
23,7.91,1156.025667,0.033470005,0.032381549,62,457.98,0.601617894,6.602042254,3.758980865,0.451709008,1.922064117,0.274290771,2.857202398,1.9151
24,7.85,1417.189667,0.033470005,0.069389034,74,457.58,0.354537965,6.492803233,3.668911177,0.324359721,2.049347596,0.48708381,0.000707107,1.8863
25,7.83,966.619,0.033470005,0.250344751,52,511.4,0.330412894,6.288385859,3.401423253,0.250616865,2.14882907,0.436470632,0.1414,1.6734
26,7.83,1142.542,0.033470005,0.047619926,58,453.52,0.392400431,6.507800789,3.635169058,0.354292246,2.076666913,0.51102983,0.127617906,1.8956
28,7.81,1518.656333,0.033470005,0.454974374,72,450.48,0.159145791,6.289325196,3.515983188,0.488988607,1.877279116,-0.154560673,0.000412311,1.2795
29,7.8,1267.351,0.033470005,0.046259356,68,454.6,0.367622832,6.428867361,3.58455588,0.38558534,2.018271839,0.528989344,1.334010409,1.8951
30,7.79,1172.373333,0.033470005,0.05850448,64,452.78,0.415044386,6.403080491,3.586732791,0.487628038,1.942959361,0.500145275,0.203370229,1.9244
31,7.75,1386.825667,0.033470005,0.035374802,72,460.42,0.280595649,6.441486913,3.602787509,0.223405479,2.084922908,0.562731463,0.279533236,1.8295
33,7.72,1424.967333,0.033470005,0.053334317,78,454.73,0.348321796,6.404553987,3.5810184,0.388034365,1.984390656,0.522458612,1.400475237,1.9001
34,7.7,1136.728667,0.033470005,0.244086133,70,483.18,0.345645828,6.452971479,3.607957672,0.413613068,2.072719529,0.38068729,0.0001,1.9115
36,7.61,972.3013333,0.033470005,0.237283286,54,506.43,0.337680783,6.500522287,3.643332474,0.574160245,2.104148141,0.232929464,0.833808311,1.606
37,7.6,1407.576,0.033470005,0.029116183,74,450.89,0.373905396,6.390406788,3.555439697,0.371435419,1.941839144,0.526812433,0.023486379,1.9321
38,7.55,1105.626667,0.033470005,0.043266104,59,466.08,0.585607258,6.592955828,3.721701266,0.522458612,1.989677014,0.269392722,2.602215206,1.8935
39,7.55,841.9096667,0.033470005,0.303951182,44,464.05,0.459667794,6.695724253,3.802519082,0.517560562,2.215134445,0.361367206,1.1234,1.8039
40,7.47,1664.130333,0.033470005,0.368714281,74,453.06,0.215720167,6.040295027,3.235433798,0.560826666,1.994417164,0.217691088,0.061941989,1.2845
41,7.44,762.7623333,0.033470005,0.049796836,54,456.16,0.351330286,6.793410408,3.905106008,0.840015487,2.088433641,0.149118395,7.779111648,1.997
42,7.37,929.7506667,0.033470005,0.01197301,64,396.99,0.452930527,6.632294512,3.716531103,0.330346226,2.166692756,0.834845323,0,2.392
43,7.35,1239.065,0.033470005,0.140138638,62,516.21,0.396325946,6.344037226,3.505914975,0.539057557,2.059789733,0.334427934,0.923788883,1.6725
44,7.3,1798.314333,0.077824564,0.136601158,86,577.87,0.377586009,6.131050986,3.272713397,0.170887504,1.972899461,0.291433944,1.3291,1.4776
45,7.24,993.939,0.033470005,1.441387118,46,566.97,0.362080417,6.557293402,3.609590356,0.367897939,1.63111501,-0.562731463,18.99251089,0.886
46,7.21,1267.351,0.033470005,0.046259356,68,454.6,0.367622832,6.428867361,3.58455588,0.38558534,2.018271839,0.528989344,1.334010409,1.8951
47,7.21,1235.309667,0.033470005,0.285175326,78,520.62,0.402642525,6.300383087,3.44142399,0.174969212,2.163316301,0.443001364,0.0729,1.1512
48,7.2,1543.003333,0.077824564,0.060409277,80,530.72,0.333681254,6.321535042,3.443328787,0.178506692,2.039813052,0.336332731,0.103392166,1.5727
50,7.14,552.844,0.033470005,0.708584492,32,394.63,0.441006225,6.510815266,3.550541648,0.481913646,2.303662565,0.917840051,14.79378419,2.3676
51,7.12,1219.804333,0.033470005,0.040817079,70,442.13,0.322017637,6.509625312,3.656938167,0.319189558,2.10119642,0.593480329,0.428982296,1.9476
52,6.97,1128.533667,0.033470005,0.052517975,56,468.06,0.468715308,6.458401511,3.583195311,0.355108588,2.113772835,0.516472107,1.289426264,1.8343
53,6.89,2047.231,0.033470005,0.008163416,112,453.42,0.304081796,6.284583885,3.483873752,0.178506692,1.843681677,0.552935364,0.923882574,1.8844
54,6.86,2263.554,0.033470005,0.254154345,110,554.19,0.225691236,6.15026032,3.369858045,0.07401497,1.913320053,0.215514177,0.069894993,1.0138
56,6.84,2010.799333,0.033470005,0.08598798,99,525.92,0.289657041,6.102811826,3.299924783,0.143676118,1.904080604,0.409259246,2.074627796,1.6695
57,6.83,2079.448667,0.033470005,0.013333579,64,548.46,0.381169476,6.263250974,3.477887247,0.146397257,1.874884402,0.168710593,0.343208945,1.0848
58,6.83,1476.633667,0.077824564,0.501777958,80,626.62,0.179129833,5.961344456,3.102914348,0.432388924,1.898870666,0.226670846,0.056615457,1.1117
59,6.75,1111.392333,0.033470005,0.122995465,66,461.07,0.418232744,6.436990776,3.590814499,0.560826666,2.065994598,0.51320674,0.847100006,1.8454
60,6.73,715.5566667,0.033470005,0.032925777,46,430.85,0.365967019,6.787249206,3.882248444,0.664502047,2.067521096,0.275923454,4.727540872,1.9597
61,6.71,956.7683333,0.033470005,0.110478227,52,467.8,0.56396822,6.769456769,3.890956087,0.536608532,2.153612917,0.221228568,0.0001,1.8298
63,6.68,1392.464667,0.033470005,0.042177648,64,477.89,0.460235423,6.183775223,3.373123411,0.556744958,1.920087035,0.550486339,1.112365035,1.855
64,6.67,2798.579,0.033470005,0.042721876,134,526.95,0.143208082,6.049306078,3.288496001,0.07891302,1.813766607,0.421232256,0.285552972,1.701
65,6.67,631.7606667,0.033470005,0.724911324,34,449.59,0.221266392,6.666307656,3.732041593,0.807633937,2.156575357,0.305311751,14.59339875,1.8676
66,6.59,1679.734,0.033470005,0.500689503,76,454.68,0.196539133,6.08138422,3.315435273,0.562187235,1.86764714,0.054150658,0.004002499,1.2787
67,6.59,1054.045,0.033470005,0.05006895,52,463.24,0.485155883,6.351860227,3.476798792,0.383952657,2.086791212,0.609807161,1.972900023,1.8231
68,6.59,881.6106667,0.033470005,0.271297519,48,518.84,0.41455703,6.294452366,3.429178866,0.536064305,2.197980627,0.440280226,1.486196044,1.6179
69,6.52,889.9333333,0.033470005,0.229664098,50,530.03,0.42515396,6.197393706,3.313258362,0.328169315,2.178423963,0.486811696,0.304079907,1.1472
70,6.49,1577.396667,0.033470005,0.087620663,84,448.95,0.443181776,6.336910291,3.508364,0.283814756,2.576907011,0.706679695,0.005297169,1.6443
72,6.4,1020.531667,0.033470005,0.123811806,54,502.4,0.358343477,6.229583687,3.375300322,0.473750231,2.149754513,0.54912577,0.0478,1.696
73,6.4,1619.864333,0.033470005,0.085715866,70,522.46,0.326612824,6.027719557,3.252849085,0.405177538,1.915055515,0.476471369,0.045929294,1.6611
74,6.38,1183.743333,0.033470005,0.06694001,58,455.72,0.372785104,6.561943828,3.703197523,0.31510785,2.111671669,0.481097305,0.058324009,1.8969
75,6.38,1143.852667,0.077824564,0.047619926,58,453.34,0.384474843,6.522940115,3.591086613,0.345584602,2.080714219,0.560282438,1.282700004,1.8899
76,6.37,1208.665667,0.033470005,0.024490248,64,465.76,0.588690581,6.550799405,3.680067845,0.430756241,1.941092478,0.280821504,0.876721786,1.8919
78,6.3,1067.946,0.033470005,0.253610118,62,460.73,0.396451662,6.180870408,3.335299585,0.481097305,2.084087623,0.781511007,0.081725945,1.9507
79,6.3,1255.577667,0.033470005,0.32708086,72,450.79,0.306974911,6.23826167,3.398157886,0.297420449,2.073682674,0.799742635,0.151367929,2.0262
80,6.3,1357.068333,0.077824564,0.211976697,67,573.18,0.434711415,6.177626539,3.298564213,0.317012647,2.020179841,0.27347443,2.046733058,1.4641
81,6.28,979.2546667,0.033470005,0.315652078,54,506.57,0.320544957,6.464926801,3.603059623,0.550486339,2.052612892,0.227215073,0,1.5304
82,6.27,1482.706333,0.033470005,0.047075698,79,536.27,0.409673947,6.343649191,3.512445707,0.110478227,2.033148131,0.253882232,1.282335752,1.1268
83,6.26,1286.344667,0.033470005,0.048708381,68,460.38,0.357597341,6.361675374,3.51897644,0.412796726,1.981277874,0.525451864,1.295500621,1.8754
84,6.23,1403.252333,0.033470005,0.032109436,74,489.22,0.3437628,6.516096724,3.686870692,0.411164043,1.854594515,0.098505217,1.866998227,1.6942
85,6.2,887.8703333,0.033470005,0.251161093,48,524.56,0.421129668,6.204604451,3.347816822,0.631304156,2.175409936,0.482729988,1.897600003,1.5942
86,6.2,1056.489667,0.033470005,0.340142325,62,447.38,0.320395839,6.246250117,3.393531951,0.470212751,2.10681238,0.824504996,0.636292708,2.0176
87,6.17,1221.717667,0.033470005,0.102314811,49,464.68,0.294967343,6.353294811,3.533670589,0.48218576,2.05081135,0.560826666,0.327714159,1.8263
88,6.15,997.5493333,0.033470005,0.052517975,52,464.01,0.554218925,6.475196922,3.589726044,0.455790716,2.095219857,0.470756978,1.916469958,1.8635
89,6.11,995.1113333,0.033470005,0.087620663,54,474.42,0.52150077,6.664676062,3.804151766,0.517016334,2.08447681,0.248984182,1.657100981,1.8141
90,6.11,767.2913333,0.033470005,0.018231629,52,391.83,0.440786902,6.950935761,4.012046755,0.429939899,2.240904542,0.572527562,4.3450353,2.3863
91,6.1,1013.152667,0.077824564,0.058776594,51,462.91,0.572544433,6.433021995,3.496118876,0.460688765,2.087096832,0.581235205,2.440741732,1.8592
92,6.1,1342.741667,0.077824564,0.190751816,67,563.21,0.379808907,6.248483899,3.365504223,0.268304266,2.049009786,0.271569633,1.062700094,1.5079
93,6.07,474.2103333,0.033470005,1.596764132,26,390.98,0.340473216,6.680082604,3.707007118,0.623412854,2.334597145,0.714026769,13.90116544,2.358
94,6.05,1178.692333,0.033470005,0.272385974,52,468.23,0.311806837,6.03216236,3.199786882,0.119185871,2.041747409,0.820967516,0.418566411,1.9084
96,6.02,967.6436667,0.033470005,0.329529885,44,484.62,0.41960311,6.466697446,3.641971905,0.876478744,2.14012553,0.410619815,2.667394363,1.7302
97,6,765.836,0.033470005,0.150206851,42,470.36,0.433653165,6.752439312,3.851499577,0.760830353,2.235986277,0.250344751,1.517845667,1.8444
98,6,1091.489667,0.033470005,0.491709745,62,492.64,0.388143754,6.178296211,3.32931308,0.394565097,2.068012275,0.631032042,0.0001,1.6852
99,5.98,1027.104333,0.033470005,0.182316286,55,540.13,0.381868536,5.888635905,3.03189263,0.706407581,2.052963566,0.621508057,1.953769091,1.5977
100,5.94,703.7756667,0.033470005,0.239460197,41,394.56,0.789014818,6.996809804,4.114905794,0.873485491,2.020013857,-0.358373954,12.72340932,1.1641
101,5.93,1156.4,0.077824564,0.218779544,72,507.72,0.282262346,6.286602425,3.365232109,0.212793039,2.131622819,0.54205081,0,1.1585
102,5.89,1396.431333,0.033470005,0.087348549,60,513.1,0.325777434,6.030895942,3.247951035,0.516199993,1.938274293,0.519737473,0.175848628,1.6779
103,5.88,1104.556,0.033470005,0.106940747,66,505.72,0.404801204,6.253819508,3.392987723,0.07891302,2.205325579,0.598106265,0,1.1534
104,5.87,1243.976,0.033470005,0.166533682,74,523.9,0.358752464,6.354590345,3.503738064,0.20653442,2.116591626,0.338509642,0.000141421,1.1357
106,5.8,1342.928,0.077824564,0.168710593,67,566.71,0.46833843,6.169482443,3.288768114,0.303406954,2.042203967,0.327625088,1.969211401,1.4873
107,5.8,1839.752,0.077824564,0.223677593,86,596.73,0.423705498,6.179182758,3.325503486,0.163268316,1.956248924,0.1551049,2.323274088,1.4383
109,5.76,1003.374333,0.033470005,0.226942959,60,500.48,0.355137159,6.26707499,3.411491465,0.531982597,2.081850171,0.450620553,0.033405089,1.7128
110,5.7,1350.004333,0.077824564,0.27565134,67,586.27,0.440646219,6.228764896,3.349993733,0.283270529,2.031011667,0.186670108,1.180980427,1.4327
111,5.69,1180.459,0.033470005,0.265311014,54,501.69,0.356217179,6.369881239,3.536935955,0.472389661,2.059854553,0.345312489,0.222891296,1.6686
112,5.67,840.5916667,0.033470005,0.270481177,56,446.61,0.393069831,6.617427027,3.735579073,0.656882859,2.165332321,0.47864828,1.369000033,1.9436
113,5.67,840.7543333,0.033470005,0.127349287,56,476.75,0.266885736,6.439244151,3.53094945,0.096056193,2.325976537,0.635657977,0,1.2003
114,5.67,1332.222333,0.033470005,0.165445227,80,536.2,0.281883836,6.237640162,3.395708861,0.171159618,2.09056348,0.385313226,0,1.1115
115,5.66,1153.956,0.033470005,0.051157406,64,509.74,0.296542066,6.127741809,3.266999006,0.418511117,2.047983139,0.536880646,0.086100058,1.7081
116,5.65,1538.136667,0.077824564,0.453613805,80,638.27,0.179401947,5.932724337,3.081961581,0.447355186,1.864049086,0.189935474,0.088077069,1.068
117,5.65,905.989,0.033470005,1.128184064,62,509.86,0.489794064,6.473564783,3.571494415,0.512390399,2.31083437,0.402184285,0.01096312,1.1194
118,5.62,1116.791333,0.033470005,0.042721876,56,465.17,0.458905059,6.425498319,3.547548395,0.342047122,2.104228609,0.555656503,1.518400003,1.8423
119,5.62,957.1516667,0.033470005,0.45606283,60,520.3,0.269238161,6.432003201,3.541561891,0.102314811,2.093823618,0.231841009,0.3423,1.1773
121,5.6,1234.671333,0.033470005,0.149934737,72,435.09,0.368901767,6.241827178,3.397069431,0.387762251,2.115645821,0.933350541,0.064532627,2.1081
122,5.56,1310.07,0.033470005,0.089797574,56,503.35,0.331475771,6.06013757,3.273529738,0.577969839,1.947328928,0.536608532,0.154334993,1.7145
123,5.5,1331.163,0.077824564,0.097688876,58,459.49,0.413820962,6.489862227,3.598433687,0.437831201,2.053938901,0.528445117,0.022765105,1.8656
124,5.5,1000.010667,0.077824564,0.206806534,64,510.81,0.30201237,6.280428978,3.34482357,0.253882232,2.157519894,0.541506582,0,1.152
125,5.5,976.789,0.033470005,0.254698573,62,508.42,0.290123172,6.405108011,3.51897644,0.118913757,2.172131802,0.383680543,0.294030764,1.1529
126,5.5,1335.416333,0.077824564,0.189935474,67,563.93,0.474214184,6.241863097,3.356796579,0.276467682,2.051567876,0.278100365,1.472845905,1.4704
127,5.48,1140.352333,0.033470005,0.067756351,60,464.51,0.475191073,6.553741772,3.696938905,0.291433944,2.280385802,0.528989344,0.945761143,1.8614
128,5.47,556.7613333,0.033470005,1.356215479,32,493.64,0.608665371,6.133825187,3.18128314,1.097435198,2.485794169,0.944779323,0,1.1773
129,5.45,685.798,0.033470005,0.41660632,42,516.21,0.400601671,6.424120879,3.490404485,0.304767523,2.265536383,0.375789241,0.0557,1.123
130,5.44,1019.018667,0.077824564,0.056327569,54,445.06,0.504405761,6.532101101,3.587004905,0.384496884,2.125467139,0.625045537,0.0002,1.9302
132,5.42,1167.351667,0.077824564,0.054422772,64,454.66,0.475877072,6.438352706,3.53448693,0.468580067,1.999194339,0.536608532,0.00130767,1.901
133,5.4,1858.349667,0.033470005,0.07047749,90,552.69,0.481056215,6.035471809,3.218018511,0.301502157,1.985139313,0.451981122,0.005209607,1.112
134,5.37,506.635,0.033470005,1.194307732,34,505.77,0.485494937,6.609087826,3.633536375,1.152130084,2.458984673,0.370891192,0.002,1.1097
135,5.37,941.4326667,0.033470005,0.232657351,52,498.95,0.476869744,6.181253544,3.291217139,0.246263044,2.182543868,0.634025294,0.862800012,1.705
136,5.3,1171.472333,0.033470005,0.074287084,66,450.24,0.373346747,6.454997638,3.609590356,0.430756241,2.072260532,0.564092032,1.167771078,1.9341
137,5.3,1094.884333,0.033470005,1.394583534,74,497.55,0.537834949,6.08553695,3.20876664,0.368986394,2.298780426,0.850355813,0.0002,1.1575
138,5.29,993.53,0.033470005,0.205445965,62,505.64,0.344682001,6.307081714,3.424280817,0.210344014,2.184673233,0.506403894,0.021554118,1.1623
139,5.28,560.2313333,0.033470005,0.720285388,35,407.11,0.266340148,7.076957948,4.134497992,0.952126397,2.187424154,-0.387218023,18.90990664,1.9051
140,5.25,1195.739333,0.033470005,0.10857343,68,443.2,0.361878236,6.388141168,3.538568638,0.383952657,2.126439481,0.744231408,0.826964074,1.9811
141,5.24,935.5983333,0.033470005,1.180974153,36,518.55,0.540064378,6.16209047,3.278972015,0.384496885,2.234378331,0.60409277,0.118,1.1173
142,5.23,1284.844667,0.033470005,0.254698573,78,529.55,0.410543351,6.112665885,3.258291362,0.232929464,2.152178212,0.58858228,0.102945714,1.1393
143,5.22,1451.788667,0.033470005,0.083266841,74,445.56,0.457431834,6.432611375,3.58455588,0.216058405,2.661985318,0.69008075,0.002773085,1.6446
144,5.21,710.8843333,0.033470005,0.473206003,42,529.45,0.459096355,6.317607895,3.398157886,0.341230781,2.212369127,0.385857454,0,1.0963
145,5.21,1858.300333,0.033470005,0.07047749,90,552.67,0.481194721,6.035571675,3.218018511,0.301230043,1.985178091,0.451981122,0.0053,1.112
146,5.19,1065.813,0.033470005,0.099049445,64,475.07,0.402689056,6.18118225,3.295026733,0.422320711,2.106981649,0.69361823,2.312175065,1.894
148,5.11,982.2456667,0.033470005,0.115376277,56,454.75,0.473107769,6.569368726,3.683877439,0.516744221,2.154913389,0.496335681,0.99130001,1.8579
149,5.1,732.9636667,0.033470005,0.145308801,44,467.91,0.44259918,6.457525304,3.537480183,0.44055234,2.349429304,0.648991557,0.730117593,1.8163
150,5.09,1475.030333,0.033470005,0.026122931,62,465.49,0.356130375,6.271668544,3.471356515,0.442185023,1.884331595,0.49769625,1.328557823,1.875
151,5.09,1476.572,0.033470005,0.727360348,70,476.07,0.416825643,6.226854385,3.403055936,0.124900262,1.997411228,0.612800413,1.460143154,1.9008
152,5.07,1354.158,0.077824564,0.207894989,62,445.36,0.413145576,6.39972832,3.506731316,0.411436157,2.131179454,0.806273368,0.377220188,1.9911
153,5.07,1481.137,0.077824564,0.389939162,82,528.26,0.310329531,6.260995423,3.370674386,0.111294569,2.06713226,0.414701523,0.040105486,1.1118
154,5.05,1059.183,0.033470005,0.048436267,57,451.95,0.491130687,6.520916133,3.654217029,0.446538845,2.05556806,0.460144538,2.759090374,1.9009
155,5.05,1126.351333,0.033470005,0.153200103,58,474.71,0.363153906,6.448565955,3.609318242,0.490349176,2.087155197,0.449804211,0.131288728,1.7752
156,5.05,449.7743333,0.033470005,2.006023377,26,430.36,0.220925433,7.238687732,4.24007817,0.219051658,2.510813275,0.12054644,13.17775152,1.5154
157,5.04,1203.164333,0.033470005,0.073198628,57,473.69,0.483941983,6.484567979,3.634352717,0.313747281,2.152404939,0.500961617,0.801819649,1.8316
159,5.03,1441.507667,0.033470005,0.159730836,82,539.54,0.393961276,6.175362007,3.341830317,0.156193356,2.07347297,0.424769736,0,1.1163
160,5.03,1229.689333,0.077824564,0.042449762,64,497.31,0.422495952,6.403295189,3.499112128,0.440824454,1.965664919,0.30667232,1.507121196,1.7991
161,4.99,1280.443,0.033470005,0.021496995,64,451.96,0.505983205,6.361858506,3.502377495,0.309937687,1.988727916,0.587493824,0.0001,1.919
163,4.97,1084.119667,0.033470005,0.177418237,55,538.66,0.34286047,5.787052264,2.941550829,0.737700675,2.023089932,0.720285388,1.476451168,1.6393
164,4.96,514.9173333,0.033470005,1.449550533,38,488.86,0.517222052,6.125488435,3.159241917,1.108591867,2.501943763,0.976072417,0,1.1622
165,4.93,1043.298667,0.077824564,0.062586188,59,466.75,0.57634668,6.347988047,3.41394049,0.502866414,2.078496402,0.641100255,2.742965301,1.8755
166,4.92,1044.918667,0.077824564,0.197282549,64,503.78,0.350575443,6.298797752,3.363327312,0.205718078,2.179720248,0.582051547,0.024209502,1.1635
167,4.91,977.3456667,0.033470005,0.20299694,54,424.62,0.456743658,6.685989108,3.785648023,0.381231518,2.951238382,0.664229933,1.997527637,1.6432
169,4.86,1353.801333,0.077824564,0.738244903,61,493.08,0.461090677,6.321513001,3.412035693,0.240548652,2.228011919,0.596201468,2.545850907,1.6823
170,4.84,1110.934,0.077824564,0.610623502,51,452.58,0.410034498,6.420431287,3.511629366,0.14449246,2.27018528,0.776340843,0.770200299,1.8856
171,4.83,2206.953,0.033470005,0.017143173,110,536.47,0.492741057,6.072784062,3.25883559,0.17905092,1.960635893,0.494430884,0.087606849,1.12
172,4.8,357.462,0.033470005,1.91595369,26,389.92,0.230374587,7.51408002,4.342937209,0.080545703,2.854183967,0.257691826,2.668821832,1.5169
173,4.8,1014.520333,0.077824564,0.142315549,62,510.25,0.272369103,6.362915669,3.422920248,0.20653442,2.169178798,0.478920394,0,1.1603
174,4.78,1503.830667,0.077824564,0.474566572,80,619.61,0.171335404,5.93045137,3.075430848,0.424497622,1.907689472,0.290073375,0.000141421,1.1185
175,4.76,1031.730333,0.033470005,0.001088455,22,420,0.198991151,6.716296333,3.904289666,0.69361823,1.909891807,0.330346226,8.262676246,2.0654
176,4.75,1355.186,0.033470005,0.03809594,58,461.41,0.360320112,6.279727196,3.476254564,0.492798201,1.933579741,0.541778696,1.097882885,1.916
177,4.73,1191.704,0.033470005,0.268304266,62,538.32,0.503153766,6.325451849,3.469995945,0.523547067,2.14681877,0.328169315,0.1718,1.1149
178,4.72,816.6253333,0.033470005,0.788585967,40,445.14,0.402621844,6.539614981,3.587549133,0.61606578,1.772267285,0.171703846,31.16195222,2.1156
179,4.7,894.7536667,0.033470005,0.249800524,48,527.16,0.421969684,6.185030213,3.34482357,0.593208215,2.134584342,0.470484864,0.611928967,1.5771
180,4.7,1445.205667,0.077824564,0.075375539,62,454.94,0.421188989,6.447060077,3.560065633,0.393204528,2.072007487,0.636746433,0.022712992,1.9711
182,4.67,544.0436667,0.033470005,1.450911103,28,398.22,0.420065975,6.56762747,3.606052875,0.500145275,2.400968597,0.905867041,4.870111063,2.3354
183,4.66,566.5823333,0.033470005,1.84057815,34,490.11,0.288445045,6.520950147,3.602243281,0.715387339,2.290212801,0.394837211,0.61980292,1.2935
184,4.65,950.4173333,0.033470005,0.237827514,56,541.49,0.334194188,5.974121018,3.111349878,0.580690978,2.023540876,0.518649018,0.006051446,1.2979
185,4.65,534.8286667,0.033470005,1.362201984,32,495.49,0.587542804,5.991788555,3.034069541,1.115394713,2.476525525,1.060427713,0,1.1655
186,4.65,566.7406667,0.033470005,1.830509938,34,489.52,0.275245618,6.510003823,3.59299141,0.720013274,2.299937256,0.420415914,0.493495238,1.312
187,4.64,1210.506333,0.033470005,0.180411489,74,521.77,0.370589689,6.261588086,3.407681871,0.189663361,2.127233498,0.449259983,0,1.1419
188,4.62,950.303,0.077824564,0.308577118,62,435.23,0.343358711,6.499351925,3.57040596,0.554295933,2.215311995,0.812259873,0.0002,2.0476
189,4.61,697.0783333,0.033470005,0.701781646,43,513.89,0.232780618,6.987415617,3.995447809,0.103131153,2.094666631,-0.337693301,4.671306905,1.6524
190,4.6,1082.511,0.033470005,0.251705321,63,545.68,0.398018494,6.276722787,3.408498213,0.234834261,2.156145173,0.34612883,0.0181,1.1012
191,4.6,1014.739,0.033470005,0.647358873,68,501.86,0.482574611,6.32574029,3.440063421,0.262317761,2.289388294,0.585316913,0.131566181,1.1538
192,4.58,1024.085,0.033470005,0.168982707,48,474.26,0.372695578,6.532620294,3.665645811,0.427218761,2.13231213,0.401912172,0.330941279,1.7387
193,4.58,564.9516667,0.033470005,1.249002618,41,478.57,0.498340343,6.588910311,3.59788946,0.522730726,2.534943064,0.57660927,0.541150571,1.17
195,4.56,1026.000667,0.077824564,0.069389034,54,446.63,0.390609106,6.549614349,3.605780762,0.413613068,2.134968902,0.606269681,1.168800073,1.9434
196,4.56,1280.443,0.077824564,0.021496995,64,451.96,0.505983205,6.361858506,3.443056673,0.309937687,1.988727916,0.646814646,0.0001,1.919
197,4.56,1056.332,0.033470005,0.241364994,42,464.52,0.277662262,6.073433325,3.236522253,0.100954242,2.074618744,0.804096457,0.416768077,1.9305
198,4.54,1047.920333,0.077824564,0.223405479,62,505.51,0.360888286,6.375352905,3.436253827,0.183404742,2.178114622,0.500961617,0.048615841,1.1592
199,4.52,969.237,0.033470005,0.054150658,52,456.7,0.564111624,6.483024278,3.592447182,0.466947384,2.116857508,0.52517975,1.887305895,1.9146
201,4.46,895.381,0.077824564,0.076463995,47,449.49,0.595033827,6.555118396,3.603059623,0.537696988,2.15468717,0.581507319,2.01078798,1.9395
202,4.45,855.3663333,0.077824564,0.100410014,50,467.92,0.421426273,6.403498186,3.440335535,0.464226246,2.222885609,0.664774161,0.633405952,1.787
203,4.43,1166.115333,0.077824564,0.058232366,66,451.33,0.469660359,6.353264334,3.453124886,0.510757716,1.978130784,0.615249438,2.052337324,1.927
204,4.4,547.618,0.033470005,1.245193024,38,509.61,0.462005796,6.459820312,3.505914975,0.946139892,2.413904182,0.473206003,0.0011,1.1141
205,4.4,766.418,0.033470005,0.188030677,50,484.47,0.380579261,6.420354551,3.497479445,0.142043435,2.313357854,0.588854394,0.047901879,1.1824
206,4.4,1108.003,0.033470005,1.272132296,74,509.33,0.480604234,6.05529993,3.186997531,0.321094355,2.227060897,0.762463036,0.061130516,1.1485
207,4.4,944.0956667,0.077824564,0.128165628,56,500.58,0.349641276,6.249320105,3.2982921,0.210888242,2.212867135,0.666951071,0.220941553,1.1513
208,4.4,959.8576667,0.033470005,0.117825302,54,497.75,0.403531793,6.320272706,3.44142399,0.396742008,2.196653899,0.518376904,2.385696186,1.6952
209,4.33,1494.616,0.033470005,0.03455846,64,495.29,0.430875154,6.324246657,3.522786034,0.551030567,1.82435121,0.24245345,1.769882024,1.7669
210,4.32,831.8763333,0.077824564,0.176601895,43,491.59,0.34450431,6.618514939,3.664557355,0.768177427,2.13936852,0.242453449,0.397246888,1.7147
212,4.25,1987.570333,0.077824564,0.030748866,114,520.95,0.221707489,6.243225299,3.403600163,0.028299842,2.019142323,0.49905682,0.0001,1.1407
213,4.25,1252.545333,0.033470005,0.161363519,54,506.9,0.380076939,6.084308084,3.283870065,0.428035102,2.073525085,0.618514804,0.406928323,1.6745
214,4.24,940.5126667,0.033470005,1.190498138,35,480.56,0.317153602,6.199781505,3.365504223,0.364088345,2.116175827,0.565180488,5.672940756,1.7834
215,4.22,1085.621333,0.033470005,0.257691826,62,512.33,0.320583597,6.203990562,3.343190886,0.27565134,2.087344318,0.476471369,0,1.6799
216,4.21,997.0616667,0.077824564,0.221772796,64,504.17,0.363508198,6.399008851,3.453124886,0.177690351,2.197512242,0.496879909,0.093677959,1.1614
217,4.2,1219.206333,0.077824564,0.054694886,64,503.34,0.342527947,6.182630985,3.295026733,0.397830464,1.967524674,0.524635523,1.081186094,1.709
219,4.19,1391.941667,0.033470005,0.104219608,60,504.21,0.30793384,6.158107267,3.370130159,0.441368681,1.978659224,0.476199255,0.07,1.7301
220,4.18,1077.497333,0.033470005,0.000272114,22,425.57,0.247161835,6.517980296,3.743470375,0.748857343,1.793751535,0.375789241,9.42369338,2.0513
221,4.18,1277.536667,0.033470005,0.069933262,52,465.31,0.355028042,6.363111047,3.560337747,0.51810479,1.990202003,0.489804948,0.56901565,1.8644
222,4.18,567.303,0.033470005,1.817448472,34,491.54,0.287191689,6.445309569,3.525235059,0.729537259,2.298070091,0.471301206,0.402462396,1.2883
223,4.16,1100.624667,0.077824564,0.067484237,64,452.02,0.352374659,6.602058581,3.68251687,0.511574057,2.044122671,0.425858191,0.263208397,1.9217
224,4.15,714.9,0.033470005,0.251161093,46,435.81,0.487093878,6.812504093,3.879255191,0.72110173,2.291923678,0.454430147,1.333100004,1.9827
225,4.14,1107.407333,0.077824564,0.741510269,51,457.57,0.343438168,6.468342918,3.567412707,0.118913757,2.253686057,0.640011799,3.417769009,1.8391
226,4.12,1340.840667,0.077824564,0.678651967,61,487,0.492616701,6.303858798,3.392715609,0.247351499,2.263164166,0.678924081,1.23269564,1.7044
227,4.09,1031.443,0.033470005,0.107484975,52,422.72,0.430323307,6.827289128,3.934766419,0.297964677,2.100623952,0.39402087,0.412992337,1.9958
228,4.08,884.8766667,0.033470005,0.220140113,50,504.4,0.43329343,6.339424896,3.441151876,0.526812433,2.162160958,0.415789978,3.058442919,1.6956
229,4.07,891.7933333,0.033470005,0.050341064,48,439.21,0.545694686,6.606442335,3.709728256,0.446266731,2.142052754,0.518649018,0.566200141,1.9477
231,4.05,1006.662333,0.077824564,0.069116921,55,463.88,0.595306485,6.463017922,3.526051401,0.526268206,2.101591552,0.560826666,1.885138886,1.8839
232,4.04,999.6333333,0.077824564,0.196466207,64,505.25,0.343974505,6.288360553,3.348633164,0.216874747,2.187519987,0.588038052,0.047139474,1.162
233,4.04,1064.099667,0.033470005,0.122723351,64,469.78,0.346474959,6.191654552,3.309720882,0.316468419,2.16446325,0.7676332,2.032567364,1.8984
234,4,787.5,0.077824564,0.160819291,41,459.38,0.534066444,6.641705298,3.678707276,0.595385126,2.245168288,0.507764463,1.355981689,1.8484
235,4,815.3533333,0.077824564,0.17061539,49,463.26,0.541196916,6.547145188,3.588365475,0.708040264,2.238298084,0.579330408,1.674612391,1.8642
236,3.97,1205.661333,0.077824564,0.098505217,70,489.8,0.319934878,6.354477962,3.451220089,0.351843221,2.068435137,0.490077062,0.045162042,1.762
237,3.97,578.9866667,0.033470005,1.315942628,28,482.95,0.502732261,6.348663433,3.397885772,0.436198518,2.436849802,0.696611482,1.858619714,1.1718
238,3.96,1334.309667,0.033470005,0.000816342,27,434.07,0.205035889,6.520483744,3.712993622,0.539057557,1.768646758,0.337149073,7.762539194,1.9908
239,3.95,1061.051667,0.077824564,0.046803584,63,479.59,0.388409337,6.819899876,3.872996572,0.382592088,2.113706761,0.126260831,2.143451873,1.721
240,3.91,1162.997333,0.033470005,0.24952841,52,471.55,0.359017231,6.155004081,3.307543971,0.257691826,2.092609906,0.729265145,0.114357597,1.8915
242,3.81,934.705,0.033470005,1.168456916,49,503.22,0.423612979,6.263466761,3.37938203,0.286808009,2.173791345,0.488172265,1.901242894,1.6897
243,3.73,1049.906,0.077824564,0.210888242,64,503.88,0.365103329,6.365392177,3.425369272,0.1825884,2.189626136,0.527356661,0.030350947,1.16
244,3.73,935.8616667,0.033470005,1.152674312,35,484.97,0.364938156,6.150094875,3.316251614,0.437286973,2.099312633,0.574704473,7.245519826,1.7393
245,3.7,740.0126667,0.033470005,0.998657867,52,492.84,0.483771095,6.366097224,3.455846025,0.688175953,2.391247603,0.670488552,0,1.1534
246,3.7,481.175,0.033470005,0.359190295,32,467.18,0.370933369,7.161336646,4.190281333,1.275125549,2.462097444,-0.017415287,3.078822999,1.7528
248,3.54,933.73,0.033470005,1.202471148,35,481.23,0.446227002,6.149020025,3.307271857,0.346400944,2.18024769,0.675930829,2.553340075,1.7374
249,3.53,1096.017333,0.077824564,0.671849121,51,452.19,0.398806808,6.451366551,3.548364737,0.118369529,2.296196688,0.736340106,1.032688186,1.8506
250,3.51,1151.686667,0.033470005,0.269120608,52,462.64,0.383803266,6.157991619,3.316523728,0.161635633,2.091791776,0.77470816,0.949459862,1.9145
251,3.5,950.3766667,0.033470005,0.253882232,60,484.33,0.420518501,6.367589496,3.502921722,0.479736736,2.144820474,0.492253973,0,1.743
252,3.45,468.9986667,0.033470005,1.316214742,32,450.49,0.529504183,6.571127398,3.589181816,0.99675307,2.58196854,0.817974264,0.048,1.3199
253,3.4,610.24,0.077824564,0.110478227,37,415.51,0.675538712,7.283464884,4.277629882,0.578786181,2.397176344,0.240276539,2.195914903,2.0344
254,3.4,1088.806667,0.077824564,0.992943476,47,454.56,0.331989794,6.203078436,3.299652669,0.104491722,2.170606624,0.869948011,0.1009,1.8902
255,3.34,1046.473667,0.033470005,0.055511227,54,446.11,0.514061994,6.487380276,3.6085019,0.414701523,2.089080906,0.567901626,0.111063495,1.9296
256,3.3,1407.124,0.033470005,0.044354559,56,485.2,0.435642317,6.203415858,3.394348292,0.500689503,1.925697166,0.49905682,1.328541497,1.7834
257,3.27,665.2766667,0.077824564,0.219323771,37,449.01,0.52794361,6.735118721,3.744014603,0.751306368,2.338131968,0.535520077,1.051578361,1.8939
259,3.24,942.1426667,0.033470005,0.309937687,58,492.71,0.499048112,6.458000143,3.581290514,0.403000627,2.312295821,0.55266325,0.124151118,1.6605
260,3.23,794.6323333,0.077824564,0.126805059,43,478.62,0.466066551,6.604108959,3.648774751,0.839199145,2.104993093,0.275379227,1.315330989,1.8054
261,3.2,958.7043333,0.033470005,0.664774161,68,510.38,0.457584218,6.21066742,3.313258362,0.333611593,2.310863032,0.677019284,0.117116481,1.1136
262,3.19,1070.060333,0.033470005,0.257691826,62,503.87,0.445892302,6.099079785,3.237338595,0.267760038,2.110886047,0.646542532,0.848683716,1.6815
263,3.14,1046.473667,0.077824564,0.055511227,54,446.11,0.514061994,6.487380276,3.549181079,0.414701523,2.089080906,0.627222448,0.111063495,1.9296
264,3.09,1259.803667,0.033470005,0.194017182,74,527.33,0.363183838,6.168304462,3.319244867,0.183404742,2.112853724,0.50966926,0.035552918,1.1288
265,3.07,1400.469,0.077824564,0.173608643,71,507.48,0.477960648,6.269498436,3.365776337,0.269664836,2.102370191,0.531982597,0.695304171,1.6835
266,3.04,617.281,0.033470005,1.717310572,32,462.19,0.521825402,6.48655305,3.519248554,1.632411047,2.585749502,0.849267358,0,1.1998
268,2.59,375.1253333,0.077824564,0.741510269,25,440.92,0.168806922,6.917186567,3.85313226,1.455537038,2.738448036,0.722462299,18.40674181,1.7498
269,2.56,1423.150333,0.033470005,0.222861252,66,547.72,0.463761203,6.251163405,3.403872277,0.192928727,2.062084371,0.302318499,1.989484139,1.1043
270,2.52,1020.109,0.033470005,0.265583128,50,517.23,0.44280136,6.426778343,3.527956198,0.232385237,2.176854526,0.335788504,2.176011643,1.147
271,2.5,610.1686667,0.077824564,0.001088455,42,531.64,0.079996033,6.124006775,3.101009551,1.808468715,2.307881575,0.709672947,0.579886308,1.3228
272,2.3,212.294,0.077824564,1.760032448,18,421.85,0.170117367,6.731176607,3.412579921,1.661799344,3.160155978,1.235124811,0,1.5937
273,2.1,375.0286667,0.077824564,0.000272114,30,467.38,0.118252248,6.752538362,3.604148078,2.184802184,2.706509133,0.666406844,1.15695598,1.5791
274,1.76,642.9906667,0.077824564,1.467237934,40,479.03,0.523117671,6.657671851,3.643876702,0.371163305,2.42587883,0.543955607,0.680600698,1.6879
275,1.74,435.703,0.077824564,2.074051843,20,448.11,0.374210164,6.815126454,3.760885662,1.424788172,2.475009831,0.558377641,3.070109309,1.4173
276,1.54,351.5596667,0.077824564,0.748857343,25,436.05,0.184363943,7.043788357,3.956535527,1.422067033,2.782399767,0.654433834,4.599248453,1.777
277,1.34,760.187,0.077824564,1.974730284,33,520.25,0.441313714,6.135829306,3.170942813,0.893621917,2.308062539,0.808722393,3.283919874,1.2684
278,1.17,494.5706667,0.077824564,1.98860809,25,470.17,0.487823959,6.325698656,3.299380555,1.162198297,2.436761291,0.927908263,2.910385552,1.3499
279,1,578.8093333,0.077824564,1.901803769,24,489.94,0.203082111,6.224184676,3.168221674,1.411454593,2.443794289,0.919744848,0.03129361,1.3575
280,0.5,475.5143333,0.077824564,2.018812729,26,598.59,0.210358708,6.162820824,3.062641497,1.566287379,2.475103542,0.487900151,0.000608276,0.7555
